{"1": {"iter": 150, "epoch": 1, "start_epoch": 0, "best_score": 0.20012, "best_iter": 150, "best_epoch": 1, "TrainLoss": 13.74030590057373, "CAPTrainLoss": 7.274752616882324, "SVOTrainLoss": 5.387960910797119, "mixer_from": -1, "scb_captions": 0, "Loss": -4.371, "Bleu_1": 0.77417, "Bleu_2": 0.66566, "Bleu_3": 0.56495, "Bleu_4": 0.40478, "METEOR": 0.25224, "ROUGE_L": 0.63005, "CIDEr": 0.20012, "SPICE": 0.02786, "prec": 0.003971631205673759, "rec": 0.014184397163120567, "Train_Loss": -4.551, "Train_Bleu_1": 0.72699, "Train_Bleu_2": 0.58847, "Train_Bleu_3": 0.47629, "Train_Bleu_4": 0.271, "Train_METEOR": 0.22896, "Train_ROUGE_L": 0.60361, "Train_CIDEr": 0.13321, "Train_SPICE": 0.02472, "Train_prec": 0.0018878104973253536, "Train_rec": 0.008368200836820083}, "2": {"iter": 300, "epoch": 2, "start_epoch": 0, "best_score": 0.20012, "best_iter": 300, "best_epoch": 2, "TrainLoss": 11.574799537658691, "CAPTrainLoss": 5.333807945251465, "SVOTrainLoss": 5.200826168060303, "mixer_from": -1, "scb_captions": 0, "Loss": -4.134, "Bleu_1": 0.77417, "Bleu_2": 0.66566, "Bleu_3": 0.56495, "Bleu_4": 0.40478, "METEOR": 0.25224, "ROUGE_L": 0.63005, "CIDEr": 0.20012, "SPICE": 0.02786, "prec": 0.0054083484573502726, "rec": 0.024251309719290015, "Train_Loss": -4.271, "Train_Bleu_1": 0.74062, "Train_Bleu_2": 0.60088, "Train_Bleu_3": 0.47833, "Train_Bleu_4": 0.29452, "Train_METEOR": 0.22622, "Train_ROUGE_L": 0.59858, "Train_CIDEr": 0.12633, "Train_SPICE": 0.02563, "Train_prec": 0.0074785767034434006, "Train_rec": 0.022276409620807965}, "3": {"iter": 450, "epoch": 3, "start_epoch": 0, "best_score": 0.20012, "best_iter": 300, "best_epoch": 2, "TrainLoss": 10.07204818725586, "CAPTrainLoss": 4.657960414886475, "SVOTrainLoss": 4.511739253997803, "mixer_from": -1, "scb_captions": 0, "Loss": -3.937, "Bleu_1": 0.76566, "Bleu_2": 0.63464, "Bleu_3": 0.52537, "Bleu_4": 0.36529, "METEOR": 0.25257, "ROUGE_L": 0.63557, "CIDEr": 0.19263, "SPICE": 0.02814, "prec": 0.012373526443903039, "rec": 0.02673602443429612, "Train_Loss": -4.117, "Train_Bleu_1": 0.73274, "Train_Bleu_2": 0.55269, "Train_Bleu_3": 0.42424, "Train_Bleu_4": 0.22748, "Train_METEOR": 0.2262, "Train_ROUGE_L": 0.59906, "Train_CIDEr": 0.11863, "Train_SPICE": 0.0237, "Train_prec": 0.006253377209416946, "Train_rec": 0.02305354915796683}, "4": {"iter": 600, "epoch": 4, "start_epoch": 0, "best_score": 0.2742, "best_iter": 600, "best_epoch": 4, "TrainLoss": 9.464942932128906, "CAPTrainLoss": 3.7019546031951904, "SVOTrainLoss": 4.802490234375, "mixer_from": -1, "scb_captions": 0, "Loss": -3.864, "Bleu_1": 0.74691, "Bleu_2": 0.61111, "Bleu_3": 0.50733, "Bleu_4": 0.38409, "METEOR": 0.26475, "ROUGE_L": 0.64467, "CIDEr": 0.2742, "SPICE": 0.03187, "prec": 0.010764638562943647, "rec": 0.03584045584045584, "Train_Loss": -3.838, "Train_Bleu_1": 0.72036, "Train_Bleu_2": 0.56399, "Train_Bleu_3": 0.45496, "Train_Bleu_4": 0.34591, "Train_METEOR": 0.25202, "Train_ROUGE_L": 0.6284, "Train_CIDEr": 0.31513, "Train_SPICE": 0.03204, "Train_prec": 0.014982639849792593, "Train_rec": 0.03137981607737435}, "5": {"iter": 750, "epoch": 5, "start_epoch": 0, "best_score": 0.2742, "best_iter": 600, "best_epoch": 4, "TrainLoss": 9.152393341064453, "CAPTrainLoss": 4.526427745819092, "SVOTrainLoss": 3.854971170425415, "mixer_from": -1, "scb_captions": 0, "Loss": -3.768, "Bleu_1": 0.72381, "Bleu_2": 0.57183, "Bleu_3": 0.46355, "Bleu_4": 0.33661, "METEOR": 0.25592, "ROUGE_L": 0.63617, "CIDEr": 0.24162, "SPICE": 0.03079, "prec": 0.008180977929156228, "rec": 0.039189588879029874, "Train_Loss": -3.884, "Train_Bleu_1": 0.68379, "Train_Bleu_2": 0.50117, "Train_Bleu_3": 0.38467, "Train_Bleu_4": 0.25625, "Train_METEOR": 0.23366, "Train_ROUGE_L": 0.60736, "Train_CIDEr": 0.16451, "Train_SPICE": 0.02807, "Train_prec": 0.01921111871118867, "Train_rec": 0.03800624987065665}, "6": {"iter": 900, "epoch": 6, "start_epoch": 0, "best_score": 0.29476, "best_iter": 900, "best_epoch": 6, "TrainLoss": 9.573932647705078, "CAPTrainLoss": 5.452755451202393, "SVOTrainLoss": 3.434314489364624, "mixer_from": -1, "scb_captions": 0, "Loss": -3.708, "Bleu_1": 0.72, "Bleu_2": 0.56011, "Bleu_3": 0.45212, "Bleu_4": 0.33502, "METEOR": 0.26178, "ROUGE_L": 0.63867, "CIDEr": 0.29476, "SPICE": 0.03274, "prec": 0.025482929903228455, "rec": 0.04870468735439381, "Train_Loss": -3.661, "Train_Bleu_1": 0.72982, "Train_Bleu_2": 0.57247, "Train_Bleu_3": 0.46308, "Train_Bleu_4": 0.3491, "Train_METEOR": 0.26201, "Train_ROUGE_L": 0.63193, "Train_CIDEr": 0.36119, "Train_SPICE": 0.03432, "Train_prec": 0.02849404326607834, "Train_rec": 0.046616008105369804}, "7": {"iter": 1050, "epoch": 7, "start_epoch": 0, "best_score": 0.29476, "best_iter": 900, "best_epoch": 6, "TrainLoss": 10.482521057128906, "CAPTrainLoss": 4.68231201171875, "SVOTrainLoss": 4.833507061004639, "mixer_from": -1, "scb_captions": 0, "Loss": -3.63, "Bleu_1": 0.70172, "Bleu_2": 0.53265, "Bleu_3": 0.42675, "Bleu_4": 0.31409, "METEOR": 0.25786, "ROUGE_L": 0.63753, "CIDEr": 0.28635, "SPICE": 0.03034, "prec": 0.01763557979311404, "rec": 0.05002759797280345, "Train_Loss": -3.632, "Train_Bleu_1": 0.72857, "Train_Bleu_2": 0.57808, "Train_Bleu_3": 0.48626, "Train_Bleu_4": 0.38828, "Train_METEOR": 0.28043, "Train_ROUGE_L": 0.66429, "Train_CIDEr": 0.53542, "Train_SPICE": 0.03692, "Train_prec": 0.0364313330898407, "Train_rec": 0.0598050881069749}, "8": {"iter": 1200, "epoch": 8, "start_epoch": 0, "best_score": 0.4339, "best_iter": 1200, "best_epoch": 8, "TrainLoss": 9.202428817749023, "CAPTrainLoss": 4.96770715713501, "SVOTrainLoss": 3.5289340019226074, "mixer_from": -1, "scb_captions": 0, "Loss": -3.547, "Bleu_1": 0.73674, "Bleu_2": 0.59404, "Bleu_3": 0.49539, "Bleu_4": 0.38913, "METEOR": 0.27082, "ROUGE_L": 0.65406, "CIDEr": 0.4339, "SPICE": 0.03296, "prec": 0.03969857303190637, "rec": 0.06541134972507522, "Train_Loss": -3.659, "Train_Bleu_1": 0.72014, "Train_Bleu_2": 0.55515, "Train_Bleu_3": 0.45387, "Train_Bleu_4": 0.35141, "Train_METEOR": 0.26009, "Train_ROUGE_L": 0.63686, "Train_CIDEr": 0.37764, "Train_SPICE": 0.0299, "Train_prec": 0.03032536831314008, "Train_rec": 0.058533403886147445}, "9": {"iter": 1350, "epoch": 9, "start_epoch": 0, "best_score": 0.43926, "best_iter": 1350, "best_epoch": 9, "TrainLoss": 8.530820846557617, "CAPTrainLoss": 4.281704425811768, "SVOTrainLoss": 3.5409297943115234, "mixer_from": -1, "scb_captions": 0, "Loss": -3.566, "Bleu_1": 0.72193, "Bleu_2": 0.5721, "Bleu_3": 0.48263, "Bleu_4": 0.38116, "METEOR": 0.26858, "ROUGE_L": 0.64972, "CIDEr": 0.43926, "SPICE": 0.03269, "prec": 0.042062715765247415, "rec": 0.0599507735583685, "Train_Loss": -3.473, "Train_Bleu_1": 0.72896, "Train_Bleu_2": 0.57547, "Train_Bleu_3": 0.47537, "Train_Bleu_4": 0.36516, "Train_METEOR": 0.28024, "Train_ROUGE_L": 0.67047, "Train_CIDEr": 0.48604, "Train_SPICE": 0.03481, "Train_prec": 0.050102802817624845, "Train_rec": 0.08032264774206303}}